1759749133.222,131213.222,619511.8989,5806175.1949,40.4783,-3.5,0.3,-0.95,0.09,1.0,-0.0,1
1759749133.426,131213.426,619512.0417,5806175.204,40.4632,-3.51,0.16,-0.97,0.05,1.0,-0.02,1
1759749133.641,131213.641,619511.8259,5806175.1553,40.4724,-3.54,0.36,-0.96,0.1,0.99,0.0,1
1759749133.845,131213.845,619511.9955,5806175.2266,40.4586,-3.48,0.2,-0.97,0.06,1.0,-0.01,1
1759749134.049,131214.049,619511.8838,5806175.1484,40.4585,-3.55,0.31,-0.97,0.09,1.0,-0.01,1
1759749134.252,131214.252,619511.9706,5806175.2653,40.4901,-3.44,0.21,-0.94,0.06,1.0,-0.01,1
1759749134.457,131214.457,619511.9115,5806175.2562,40.4963,-3.44,0.26,-0.93,0.08,1.0,-0.01,1
1759749134.658,131214.658,619512.0435,5806175.2015,40.4489,-3.51,0.14,-0.98,0.04,1.0,-0.02,1
1759749134.86,131214.860,619511.9595,5806175.2187,40.4772,-3.49,0.22,-0.95,0.06,1.0,-0.01,1
1759749135.077,131215.077,619511.9319,5806175.1575,40.4631,-3.54,0.26,-0.97,0.08,1.0,-0.01,1
1759749135.278,131215.278,619511.8938,5806175.1914,40.4605,-3.51,0.3,-0.97,0.09,1.0,-0.0,1
1759749135.481,131215.481,619512.0162,5806175.2065,40.4635,-3.5,0.18,-0.97,0.05,1.0,-0.01,1
1759749135.681,131215.681,619511.9032,5806175.2246,40.4809,-3.47,0.3,-0.95,0.09,1.0,-0.01,1
1759749135.883,131215.883,619512.086,5806175.1561,40.4737,-3.55,0.1,-0.96,0.03,1.0,-0.02,1
1759749136.102,131216.102,619511.8239,5806175.137,40.5373,-3.49,0.17,-0.91,0.05,1.0,-0.02,1
1759749136.304,131216.304,619511.7421,5806175.0798,40.5542,-3.56,0.17,-0.89,0.05,1.0,-0.03,1
1759749136.507,131216.507,619511.4095,5806175.1826,40.5387,-3.44,0.43,-0.91,0.13,0.99,-0.01,1
1759749136.709,131216.709,619511.3784,5806175.194,40.5011,-3.44,0.26,-0.94,0.08,1.0,-0.01,1
1759749136.912,131216.912,619511.673,5806175.2087,40.5143,-3.44,-0.05,-0.95,-0.01,1.0,-0.04,1
1759749137.115,131217.115,619511.2454,5806175.2048,40.482,-3.41,0.32,-0.97,0.1,1.0,-0.01,1
1759749137.332,131217.332,619511.299,5806175.2341,40.4574,-3.39,0.24,-0.99,0.08,1.0,-0.02,1
1759749137.534,131217.534,619511.2222,5806175.1764,40.4661,-3.39,0.19,-1.01,0.06,1.0,-0.02,1
1759749137.738,131217.738,619511.0388,5806175.1489,40.5136,-3.37,0.26,-0.96,0.08,1.0,-0.01,1
1759749137.939,131217.939,619510.9444,5806175.179,40.5632,-3.37,0.32,-0.89,0.1,0.99,-0.01,1
1759749138.141,131218.141,619510.7956,5806175.1618,40.5106,-3.38,0.4,-0.95,0.12,0.99,-0.01,1
1759749138.343,131218.343,619510.8941,5806175.1559,40.4882,-3.38,0.08,-0.98,0.03,1.0,-0.02,1
1759749138.548,131218.548,619510.5485,5806175.1752,40.4972,-3.31,0.21,-0.95,0.06,1.0,-0.0,1
1759749138.768,131218.768,619510.7233,5806175.2123,40.51,-3.31,-0.06,-0.93,-0.01,1.0,-0.03,1
1759749138.768,131218.768,619510.5357,5806175.2219,40.492,-3.28,0.15,-0.95,0.05,1.0,-0.02,1
1759749138.97,131218.970,619510.4405,5806175.1589,40.4556,-3.35,0.12,-0.99,0.04,1.0,-0.01,1
1759749139.172,131219.172,619510.1366,5806175.1792,40.4619,-3.31,0.18,-0.98,0.04,1.0,0.04,1
1759749139.373,131219.373,619510.2117,5806175.1597,40.5106,-3.29,0.02,-0.95,0.01,1.0,-0.02,1
1759749139.574,131219.574,619510.0993,5806175.1408,40.5247,-3.28,0.04,-0.95,0.01,1.0,0.02,1
1759749139.78,131219.780,619510.0564,5806175.2105,40.4085,-3.27,-0.0,-1.0,0.01,1.0,-0.03,1
1759749139.997,131219.997,619509.8603,5806175.2151,40.4451,-3.24,-0.04,-1.0,-0.0,1.0,-0.03,1
1759749140.201,131220.201,619509.58,5806175.2186,40.486,-3.18,0.19,-0.98,0.06,1.0,-0.0,1
1759749140.402,131220.402,619509.4726,5806175.137,40.5289,-3.2,0.19,-0.96,0.06,1.0,-0.01,1
1759749140.606,131220.606,619509.3774,5806175.148,40.5584,-3.17,0.19,-0.92,0.06,1.0,-0.01,1
1759749140.808,131220.808,619509.1329,5806175.2063,40.4725,-3.12,0.32,-0.98,0.1,0.99,-0.0,1
1759749141.009,131221.009,619509.2277,5806175.1785,40.4611,-3.17,0.12,-1.01,0.04,1.0,-0.02,1
1759749141.226,131221.226,619508.9535,5806175.1949,40.4792,-3.13,0.21,-1.01,0.07,1.0,-0.01,1
1759749141.428,131221.428,619508.9777,5806175.2077,40.42,-3.11,0.22,-1.04,0.07,1.0,-0.0,1
1759749141.63,131221.630,619508.9227,5806175.2211,40.4611,-3.1,0.07,-1.0,0.03,1.0,-0.01,1
1759749141.834,131221.834,619508.8187,5806175.1686,40.4987,-3.11,0.06,-0.98,0.02,1.0,-0.02,1
1759749142.038,131222.038,619508.711,5806175.1885,40.5098,-3.05,0.16,-0.97,0.05,1.0,-0.01,1
1759749142.241,131222.241,619508.5698,5806175.1987,40.462,-3.07,0.2,-1.0,0.07,1.0,-0.0,1
1759749142.458,131222.458,619508.4679,5806175.218,40.471,-3.04,0.23,-0.99,0.08,1.0,0.0,1
1759749142.659,131222.659,619508.4496,5806175.1317,40.4762,-3.11,0.16,-1.0,0.05,1.0,-0.0,1
1759749142.862,131222.862,619508.3954,5806175.1631,40.4995,-3.05,0.28,-0.99,0.09,1.0,0.0,1
1759749143.064,131223.064,619508.6336,5806175.1708,40.4497,-3.09,0.07,-1.02,0.03,1.0,-0.02,1
1759749143.267,131223.267,619508.6313,5806175.1822,40.4837,-3.08,0.08,-0.99,0.03,1.0,-0.02,1
1759749143.471,131223.471,619508.3956,5806175.1715,40.5002,-3.06,0.2,-0.97,0.05,1.0,0.04,1
1759749143.675,131223.675,619508.3486,5806175.197,40.4963,-3.08,0.07,-0.96,-0.0,1.0,0.08,1
1759749143.892,131223.892,619508.383,5806175.1759,40.452,-3.11,-0.24,-1.03,-0.09,0.99,0.05,1
1759749144.096,131224.096,619508.0434,5806175.2437,40.4914,-3.03,-0.12,-1.01,-0.05,1.0,0.05,1
1759749144.301,131224.301,619508.1075,5806175.2112,40.4731,-3.06,-0.24,-1.0,-0.09,0.99,0.03,1
1759749144.503,131224.503,619508.0003,5806175.1919,40.4298,-3.11,-0.17,-1.04,-0.07,1.0,0.05,1
1759749144.704,131224.704,619507.9589,5806175.1985,40.4293,-3.08,-0.21,-1.05,-0.08,1.0,0.03,1
1759749144.907,131224.907,619507.8694,5806175.2758,40.4402,-3.02,-0.27,-1.03,-0.1,0.99,0.02,1
1759749145.109,131225.109,619507.8098,5806175.2442,40.4093,-3.07,-0.28,-1.06,-0.1,0.99,0.02,1
1759749145.328,131225.328,619507.6797,5806175.2608,40.3898,-3.06,-0.27,-1.09,-0.09,0.99,0.02,1
1759749145.531,131225.531,619507.5301,5806175.1951,40.4066,-3.1,-0.19,-1.08,-0.07,1.0,0.02,1
1759749145.735,131225.735,619507.514,5806175.1171,40.4669,-3.13,-0.12,-1.04,-0.05,1.0,0.04,1
1759749145.936,131225.936,619507.3141,5806175.12,40.4556,-3.14,-0.04,-1.01,-0.0,1.0,-0.03,1
1759749146.137,131226.137,619507.2607,5806175.1998,40.4936,-3.08,-0.06,-0.99,-0.01,1.0,-0.04,1
1759749146.341,131226.341,619507.127,5806175.1846,40.513,-3.09,-0.14,-0.99,-0.06,1.0,0.04,1
1759749146.543,131226.543,619506.8743,5806175.1797,40.4724,-3.12,-0.1,-1.0,-0.04,1.0,0.03,1
1759749146.761,131226.761,619506.6976,5806175.1762,40.4327,-3.11,-0.07,-1.05,-0.04,1.0,0.05,1
1759749146.963,131226.963,619506.7386,5806175.1876,40.4656,-3.07,-0.33,-1.02,-0.12,0.99,0.04,1
1759749146.963,131226.963,619506.4756,5806175.1607,40.5158,-3.11,-0.02,-0.97,-0.03,1.0,0.06,1
1759749147.166,131227.166,619506.5919,5806175.1567,40.5199,-3.11,-0.1,-0.95,-0.04,1.0,0.03,1
1759749147.369,131227.369,619506.3551,5806175.1627,40.4825,-3.13,-0.02,-0.97,-0.02,1.0,0.05,1
1759749147.57,131227.570,619506.2708,5806175.1846,40.4908,-3.12,-0.03,-0.99,-0.02,1.0,0.04,1
1759749147.788,131227.788,619506.2246,5806175.1627,40.4553,-3.14,-0.09,-1.01,-0.03,1.0,0.02,1
1759749147.992,131227.992,619506.2023,5806175.2228,40.4888,-3.07,-0.21,-0.99,-0.07,1.0,0.02,1
1759749148.196,131228.196,619505.9559,5806175.1484,40.5133,-3.12,-0.12,-0.98,-0.05,1.0,0.03,1
1759749148.399,131228.399,619505.8792,5806175.1832,40.5165,-3.09,-0.13,-0.96,-0.05,1.0,0.02,1
1759749148.601,131228.601,619505.803,5806175.1796,40.5011,-3.1,-0.27,-0.98,-0.09,0.99,0.02,1
1759749148.801,131228.801,619505.5827,5806175.1628,40.4972,-3.13,-0.14,-0.99,-0.05,1.0,0.02,1
1759749149.004,131229.004,619505.508,5806175.155,40.489,-3.14,-0.22,-1.0,-0.08,1.0,0.02,1
1759749149.208,131229.208,619505.3897,5806175.189,40.469,-3.12,-0.25,-1.02,-0.09,1.0,0.03,1
1759749149.426,131229.426,619505.1602,5806175.1749,40.4889,-3.12,-0.27,-1.01,-0.1,0.99,0.04,1
1759749149.627,131229.627,619505.0041,5806175.1244,40.5048,-3.16,-0.18,-1.0,-0.07,1.0,0.04,1
1759749149.832,131229.832,619504.8246,5806175.1456,40.5179,-3.13,-0.22,-0.98,-0.09,0.99,0.05,1
1759749150.034,131230.034,619504.6634,5806175.1492,40.5321,-3.14,-0.16,-0.97,-0.06,1.0,0.03,1
1759749150.237,131230.237,619504.7198,5806175.1796,40.4775,-3.14,-0.34,-1.0,-0.11,0.99,0.02,1
1759749150.441,131230.441,619504.5003,5806175.1657,40.5025,-3.14,-0.35,-0.99,-0.12,0.99,0.03,1
1759749150.656,131230.656,619504.2431,5806175.1502,40.5267,-3.18,-0.15,-0.97,-0.05,1.0,0.03,1
1759749150.858,131230.858,619504.2702,5806175.1511,40.5057,-3.16,-0.31,-0.98,-0.1,0.99,0.02,1
1759749151.063,131231.063,619504.1654,5806175.1488,40.4521,-3.21,-0.3,-1.03,-0.1,0.99,0.03,1
1759749151.264,131231.264,619504.0464,5806175.1888,40.4726,-3.18,-0.27,-1.02,-0.09,1.0,0.02,1
1759749151.467,131231.467,619503.9554,5806175.1518,40.5342,-3.18,-0.38,-0.97,-0.12,0.99,0.02,1
1759749151.672,131231.672,619503.8223,5806175.1586,40.5367,-3.17,-0.37,-0.96,-0.12,0.99,0.01,1
1759749151.875,131231.875,619503.688,5806175.1377,40.5019,-3.21,-0.34,-1.0,-0.11,0.99,0.02,1
1759749152.08,131232.080,619503.6823,5806175.1853,40.4588,-3.17,-0.5,-1.06,-0.16,0.99,0.01,1
1759749152.297,131232.297,619503.5487,5806175.2082,40.4563,-3.18,-0.43,-1.06,-0.14,0.99,0.0,1
1759749152.502,131232.502,619503.2254,5806175.1305,40.4519,-3.25,-0.39,-1.06,-0.13,0.99,0.02,1
1759749152.705,131232.705,619503.0278,5806175.1971,40.4994,-3.2,-0.35,-1.01,-0.11,0.99,0.02,1
1759749152.906,131232.906,619502.8499,5806175.1888,40.4614,-3.23,-0.33,-1.04,-0.11,0.99,0.03,1
1759749153.108,131233.108,619502.7158,5806175.1881,40.4543,-3.24,-0.42,-1.07,-0.14,0.99,0.02,1
1759749153.309,131233.309,619502.5719,5806175.1021,40.4384,-3.3,-0.35,-1.08,-0.12,0.99,0.04,1
1759749153.527,131233.527,619502.3774,5806175.1336,40.4983,-3.29,-0.28,-1.02,-0.1,0.99,0.05,1
1759749153.729,131233.729,619502.4308,5806175.1806,40.4521,-3.3,-0.38,-1.04,-0.13,0.99,0.04,1
1759749153.932,131233.932,619502.2405,5806175.2063,40.4284,-3.27,-0.47,-1.09,-0.15,0.99,0.02,1
1759749154.136,131234.136,619502.0181,5806175.0898,40.433,-3.36,-0.37,-1.08,-0.13,0.99,0.06,1
1759749154.338,131234.338,619501.9273,5806175.1326,40.4625,-3.32,-0.44,-1.03,-0.14,0.99,0.03,1
1759749154.539,131234.539,619501.692,5806175.1729,40.4918,-3.33,-0.32,-0.98,-0.11,0.99,0.05,1
1759749154.757,131234.757,619501.6347,5806175.1525,40.453,-3.35,-0.41,-1.02,-0.14,0.99,0.05,1
1759749154.958,131234.958,619501.526,5806175.1461,40.4587,-3.32,-0.45,-1.03,-0.15,0.99,0.04,1
1759749155.161,131235.161,619501.314,5806175.2058,40.5207,-3.27,-0.42,-0.96,-0.14,0.99,0.04,1
1759749155.161,131235.161,619501.3099,5806175.13,40.5037,-3.35,-0.37,-0.98,-0.12,0.99,0.04,1
1759749155.363,131235.363,619501.3209,5806175.1272,40.4815,-3.36,-0.45,-0.99,-0.14,0.99,0.02,1
1759749155.566,131235.566,619501.1067,5806175.1301,40.5335,-3.35,-0.39,-0.96,-0.12,0.99,0.03,1
1759749155.783,131235.783,619501.0653,5806175.0901,40.5324,-3.37,-0.41,-0.97,-0.13,0.99,0.03,1
1759749155.986,131235.986,619500.9897,5806175.1281,40.4906,-3.38,-0.44,-0.99,-0.13,0.99,0.01,1
1759749156.19,131236.190,619500.6717,5806175.0769,40.4393,-3.47,-0.24,-1.04,-0.08,1.0,0.03,1
1759749156.391,131236.391,619500.6065,5806175.0668,40.4716,-3.46,-0.37,-1.03,-0.12,0.99,0.04,1
1759749156.593,131236.593,619500.4863,5806175.0586,40.5312,-3.44,-0.38,-0.98,-0.12,0.99,0.03,1
1759749156.794,131236.794,619500.3346,5806175.0245,40.5228,-3.5,-0.41,-0.97,-0.12,0.99,0.03,1
1759749157.012,131237.012,619500.0912,5806175.0628,40.4485,-3.52,-0.31,-1.01,-0.1,0.99,0.04,1
1759749157.214,131237.214,619499.9694,5806175.0508,40.5036,-3.52,-0.3,-1.0,-0.1,0.99,0.04,1
1759749157.417,131237.417,619499.8717,5806175.0843,40.512,-3.47,-0.3,-0.99,-0.1,0.99,0.04,1
1759749157.621,131237.621,619499.7268,5806175.0653,40.521,-3.49,-0.29,-0.98,-0.09,1.0,0.03,1
1759749157.824,131237.824,619499.6324,5806175.0537,40.5044,-3.53,-0.37,-0.98,-0.12,0.99,0.04,1
1759749158.027,131238.027,619499.369,5806174.9858,40.5048,-3.6,-0.3,-0.97,-0.1,0.99,0.06,1
1759749158.232,131238.232,619499.0849,5806175.0836,40.5281,-3.52,-0.14,-0.96,-0.06,1.0,0.06,1
1759749158.436,131238.436,619499.1159,5806175.01,40.4466,-3.61,-0.34,-1.03,-0.11,0.99,0.05,1
1759749158.653,131238.653,619499.0156,5806175.0079,40.5054,-3.57,-0.43,-0.99,-0.13,0.99,0.04,1
1759749158.854,131238.854,619498.799,5806175.0051,40.5484,-3.58,-0.31,-0.93,-0.09,0.99,0.03,1
1759749159.057,131239.057,619498.7307,5806174.9865,40.4818,-3.62,-0.26,-0.99,-0.08,1.0,0.03,1
1759749159.258,131239.258,619498.5419,5806175.0382,40.4106,-3.63,-0.25,-1.04,-0.08,1.0,0.03,1
1759749159.461,131239.461,619498.41,5806175.0146,40.4724,-3.66,-0.26,-1.0,-0.08,1.0,0.04,1
1759749159.663,131239.663,619498.2687,5806174.9726,40.4892,-3.65,-0.28,-0.99,-0.08,1.0,0.02,1
1759749159.882,131239.882,619498.0948,5806174.9659,40.4543,-3.68,-0.24,-1.01,-0.07,1.0,0.04,1
1759749160.083,131240.083,619498.0784,5806175.0798,40.439,-3.59,-0.33,-1.02,-0.1,0.99,0.04,1
1759749160.284,131240.284,619497.9398,5806175.0528,40.477,-3.61,-0.33,-1.0,-0.1,0.99,0.03,1
1759749160.486,131240.486,619497.6991,5806175.0853,40.4778,-3.56,-0.29,-0.98,-0.09,0.99,0.04,1
1759749160.69,131240.690,619497.5702,5806175.0319,40.4737,-3.65,-0.26,-0.99,-0.08,1.0,0.05,1
1759749160.895,131240.895,619497.3898,5806175.0312,40.4055,-3.65,-0.23,-1.07,-0.08,1.0,0.05,1
1759749161.099,131241.099,619497.1895,5806174.9823,40.4055,-3.71,-0.29,-1.06,-0.09,0.99,0.05,1
1759749161.304,131241.304,619496.878,5806174.9053,40.4134,-3.79,-0.19,-1.06,-0.06,1.0,0.05,1
1759749161.509,131241.509,619496.7004,5806174.9551,40.4209,-3.74,-0.1,-1.04,-0.04,1.0,0.05,1
1759749161.713,131241.713,619496.6563,5806174.8808,40.4523,-3.79,-0.16,-1.03,-0.06,1.0,0.05,1
1759749161.929,131241.929,619496.5881,5806174.9913,40.4941,-3.68,-0.24,-0.98,-0.07,1.0,0.02,1
1759749162.131,131242.131,619496.5266,5806174.8919,40.4719,-3.77,-0.24,-1.01,-0.07,1.0,0.04,1
1759749162.334,131242.334,619496.1883,5806174.9516,40.5239,-3.72,-0.01,-0.96,-0.02,1.0,0.05,1
1759749162.536,131242.536,619496.2352,5806174.855,40.5325,-3.78,-0.3,-0.95,-0.09,1.0,0.03,1
1759749162.753,131242.753,619496.0765,5806174.924,40.5668,-3.73,-0.2,-0.91,-0.07,1.0,0.05,1
1759749162.954,131242.954,619495.8679,5806174.9967,40.5553,-3.72,-0.03,-0.92,-0.02,1.0,0.04,1
1759749163.156,131243.156,619495.8965,5806174.9352,40.4837,-3.78,-0.25,-1.01,-0.07,1.0,0.01,1
1759749163.359,131243.359,619495.8514,5806174.9238,40.4869,-3.71,-0.34,-1.02,-0.1,1.0,0.02,1
1759749163.359,131243.359,619495.9094,5806174.9419,40.5801,-3.69,-0.39,-0.93,-0.11,0.99,0.01,1
1759749163.56,131243.560,619495.6997,5806174.8672,40.6152,-3.76,-0.25,-0.89,-0.07,1.0,0.01,1
1759749163.764,131243.764,619495.4509,5806174.9299,40.5347,-3.76,-0.13,-0.93,-0.04,1.0,0.03,1
1759749163.981,131243.981,619495.2844,5806174.9433,40.5301,-3.78,-0.23,-0.96,-0.07,1.0,0.03,1
1759749164.183,131244.183,619495.2635,5806174.9434,40.5279,-3.76,-0.34,-0.98,-0.1,1.0,0.02,1
1759749164.386,131244.386,619495.1132,5806174.9389,40.5843,-3.75,-0.29,-0.93,-0.08,1.0,0.02,1
1759749164.588,131244.588,619494.9319,5806174.9159,40.5838,-3.77,-0.16,-0.92,-0.05,1.0,0.02,1
1759749164.79,131244.790,619494.7965,5806174.9313,40.5417,-3.78,-0.24,-0.94,-0.07,1.0,0.03,1
1759749164.994,131244.994,619494.705,5806174.9358,40.5655,-3.77,-0.28,-0.93,-0.08,1.0,0.02,1
1759749165.211,131245.211,619494.4466,5806174.9707,40.5839,-3.75,-0.1,-0.93,-0.04,1.0,0.04,1
1759749165.412,131245.412,619494.3029,5806174.9085,40.5836,-3.81,-0.07,-0.92,-0.03,1.0,0.03,1
1759749165.613,131245.613,619494.3206,5806174.9499,40.5496,-3.78,-0.25,-0.95,-0.07,1.0,0.03,1
1759749165.818,131245.818,619494.2523,5806174.9946,40.5338,-3.76,-0.39,-0.97,-0.11,0.99,0.02,1
1759749166.025,131246.025,619494.2482,5806174.8659,40.5424,-3.84,-0.55,-0.97,-0.14,0.99,0.01,1
1759749166.23,131246.230,619493.8988,5806175.0156,40.5638,-3.71,-0.49,-0.94,-0.14,0.99,0.03,1
1759749166.434,131246.434,619494.0748,5806175.0294,40.5432,-3.71,-0.78,-0.96,-0.21,0.98,-0.0,1
1759749166.637,131246.637,619493.6539,5806174.9403,40.4912,-3.84,-0.51,-1.01,-0.14,0.99,0.03,1
1759749166.842,131246.842,619493.6403,5806175.0548,40.5424,-3.71,-0.6,-0.97,-0.16,0.99,0.01,1
1759749167.044,131247.044,619493.3489,5806174.9246,40.5318,-3.87,-0.44,-0.99,-0.12,0.99,0.04,1
1759749167.261,131247.261,619493.2571,5806174.9696,40.5311,-3.83,-0.53,-0.97,-0.14,0.99,0.02,1
1759749167.463,131247.463,619493.2049,5806174.9662,40.5569,-3.83,-0.57,-0.96,-0.15,0.99,0.02,1
1759749167.668,131247.668,619493.0979,5806174.9362,40.5843,-3.81,-0.68,-0.96,-0.18,0.98,0.02,1
1759749167.869,131247.869,619492.8001,5806174.909,40.5336,-3.9,-0.59,-0.99,-0.16,0.99,0.04,1
1759749168.075,131248.075,619492.786,5806174.9176,40.5074,-3.92,-0.57,-1.03,-0.15,0.99,0.03,1
1759749168.277,131248.277,619492.5362,5806174.9267,40.5627,-3.91,-0.54,-0.98,-0.14,0.99,0.02,1
1759749168.479,131248.479,619492.5846,5806174.9186,40.5136,-3.89,-0.79,-1.02,-0.2,0.98,0.02,1
1759749168.695,131248.695,619492.3217,5806174.912,40.5126,-3.96,-0.51,-1.02,-0.13,0.99,0.02,1
1759749168.899,131248.899,619492.2063,5806174.9363,40.5072,-3.95,-0.5,-1.04,-0.13,0.99,0.02,1
1759749169.103,131249.103,619492.1778,5806174.8906,40.5584,-3.94,-0.74,-1.01,-0.19,0.98,0.0,1
1759749169.306,131249.306,619491.8579,5806174.9285,40.5974,-3.96,-0.62,-0.95,-0.16,0.99,0.01,1
1759749169.507,131249.507,619491.804,5806175.0003,40.5967,-3.95,-0.62,-0.95,-0.16,0.99,0.01,1
1759749169.711,131249.711,619491.8063,5806175.0024,40.4785,-3.94,-0.72,-1.08,-0.18,0.98,0.0,1
1759749169.913,131249.913,619491.6484,5806175.0723,40.5405,-3.82,-0.82,-1.04,-0.21,0.98,-0.01,1
1759749170.131,131250.131,619491.5294,5806175.0298,40.5629,-3.9,-0.82,-0.99,-0.21,0.98,0.01,1
1759749170.334,131250.334,619491.2349,5806175.0033,40.5047,-4.02,-0.54,-1.04,-0.14,0.99,0.02,1
1759749170.537,131250.537,619491.1666,5806174.9454,40.5308,-4.04,-0.74,-1.06,-0.18,0.98,0.01,1
1759749170.739,131250.739,619491.1248,5806175.0321,40.5891,-3.94,-0.81,-1.01,-0.21,0.98,0.01,1
1759749170.94,131250.940,619490.9008,5806174.8805,40.5425,-4.14,-0.62,-1.05,-0.15,0.99,0.02,1
1759749171.158,131251.158,619490.5211,5806175.0276,40.5958,-4.07,-0.46,-0.99,-0.12,0.99,0.03,1
1759749171.36,131251.360,619490.5573,5806174.9506,40.5168,-4.14,-0.54,-1.07,-0.13,0.99,0.01,1
1759749171.56,131251.560,619490.5366,5806174.8495,40.5192,-4.22,-0.56,-1.09,-0.13,0.99,0.01,1
1759749171.56,131251.560,619490.5826,5806174.9287,40.5793,-4.11,-0.73,-1.03,-0.18,0.98,0.0,1
1759749171.762,131251.762,619490.499,5806175.0651,40.6268,-4.0,-0.67,-0.97,-0.17,0.99,0.0,1
1759749171.964,131251.964,619490.4925,5806175.0111,40.5203,-4.1,-0.69,-1.06,-0.17,0.99,0.0,1
1759749172.183,131252.183,619490.2722,5806174.98,40.5116,-4.15,-0.7,-1.08,-0.17,0.99,0.01,1
1759749172.387,131252.387,619490.1121,5806174.8859,40.5376,-4.25,-0.52,-1.08,-0.12,0.99,0.01,1
1759749172.59,131252.590,619490.2401,5806174.9014,40.5597,-4.21,-0.6,-1.05,-0.14,0.99,0.01,1
1759749172.792,131252.792,619490.2273,5806174.9592,40.4845,-4.19,-0.65,-1.11,-0.16,0.99,0.01,1
1759749172.994,131252.994,619490.0566,5806175.1049,40.5112,-4.06,-0.56,-1.08,-0.14,0.99,0.02,1
1759749173.196,131253.196,619490.4228,5806174.9412,40.4669,-4.19,-0.85,-1.14,-0.2,0.98,-0.0,1
1759749173.411,131253.411,619490.0467,5806174.8949,40.5213,-4.26,-0.29,-1.1,-0.07,1.0,0.02,1
1759749173.613,131253.613,619490.3707,5806174.9966,40.5792,-4.12,-0.72,-1.04,-0.17,0.99,0.0,1
1759749173.816,131253.816,619489.9967,5806174.9796,40.5293,-4.18,-0.48,-1.06,-0.12,0.99,0.02,1
1759749174.02,131254.020,619489.8601,5806174.8856,40.5392,-4.29,-0.4,-1.06,-0.1,0.99,0.03,1
1759749174.222,131254.222,619489.8475,5806174.9823,40.5868,-4.18,-0.49,-1.02,-0.12,0.99,0.01,1
1759749174.424,131254.424,619489.8964,5806174.9335,40.5382,-4.24,-0.66,-1.06,-0.16,0.99,0.02,1
1759749174.642,131254.642,619489.3278,5806174.9483,40.5061,-4.28,-0.23,-1.08,-0.07,1.0,0.05,1
1759749174.843,131254.843,619489.6037,5806175.0321,40.5419,-4.15,-0.6,-1.07,-0.15,0.99,0.03,1
1759749175.047,131255.047,619489.2359,5806175.0213,40.5162,-4.2,-0.4,-1.09,-0.11,0.99,0.05,1
1759749175.25,131255.250,619489.0932,5806174.96,40.4629,-4.29,-0.4,-1.12,-0.11,0.99,0.04,1
1759749175.45,131255.450,619489.0739,5806175.0122,40.4112,-4.24,-0.51,-1.17,-0.13,0.99,0.04,1
1759749175.667,131255.667,619488.6818,5806174.9519,40.4112,-4.34,-0.16,-1.17,-0.05,1.0,0.07,1
1759749175.868,131255.868,619488.7973,5806174.9567,40.418,-4.31,-0.37,-1.15,-0.1,0.99,0.07,1
1759749176.072,131256.072,619488.6517,5806174.9934,40.435,-4.29,-0.35,-1.12,-0.1,0.99,0.08,1
1759749176.278,131256.278,619488.6043,5806174.9308,40.4371,-4.35,-0.48,-1.12,-0.13,0.99,0.08,1
1759749176.482,131256.482,619488.2512,5806174.9999,40.447,-4.28,-0.37,-1.1,-0.11,0.99,0.08,1
1759749176.685,131256.685,619488.1757,5806174.9548,40.4564,-4.33,-0.35,-1.08,-0.1,0.99,0.08,1
1759749176.886,131256.886,619487.9781,5806174.9397,40.4497,-4.37,-0.19,-1.09,-0.07,0.99,0.09,1
1759749177.105,131257.105,619487.4665,5806175.1657,40.4012,-4.21,-0.04,-1.12,-0.03,0.99,0.1,1
1759749177.307,131257.307,619487.3016,5806175.1277,40.3874,-4.24,-0.05,-1.13,-0.04,0.99,0.11,1
1759749177.508,131257.508,619487.3384,5806174.8226,40.3899,-4.48,-0.05,-1.14,-0.04,0.99,0.11,1
1759749177.71,131257.710,619487.6875,5806175.001,40.4834,-4.27,-0.33,-0.99,-0.09,0.99,0.07,1
1759749177.911,131257.911,619487.3989,5806174.998,40.5894,-4.31,-0.07,-0.89,-0.03,1.0,0.08,1
1759749178.115,131258.115,619487.5486,5806175.0031,40.5613,-4.31,-0.22,-0.95,-0.07,0.99,0.08,1
1759749178.333,131258.333,619487.4435,5806174.8427,40.5311,-4.43,-0.22,-0.99,-0.06,1.0,0.06,1
1759749178.535,131258.535,619487.5111,5806174.8747,40.5996,-4.36,-0.34,-0.91,-0.09,0.99,0.06,1
1759749178.737,131258.737,619487.1666,5806174.9652,40.6637,-4.3,0.04,-0.84,-0.01,1.0,0.08,1
1759749178.94,131258.940,619487.2705,5806174.9687,40.696,-4.32,-0.11,-0.8,-0.04,1.0,0.06,1
1759749179.141,131259.141,619487.2408,5806175.0272,40.6377,-4.31,-0.05,-0.86,-0.02,1.0,0.04,1
1759749179.344,131259.344,619487.1588,5806174.9746,40.6017,-4.34,-0.02,-0.93,-0.01,1.0,0.03,1
1759749179.562,131259.562,619486.9434,5806174.8657,40.5446,-4.42,0.03,-0.99,-0.0,1.0,0.04,1
1759749179.763,131259.763,619487.0789,5806174.9386,40.6293,-4.33,-0.11,-0.89,-0.03,1.0,0.02,1
1759749179.763,131259.763,619487.2093,5806174.7981,40.6177,-4.47,-0.19,-0.9,-0.05,1.0,0.02,1
1759749179.968,131259.968,619486.7751,5806174.9683,40.6688,-4.32,0.07,-0.83,0.01,1.0,0.04,1
1759749180.169,131300.169,619486.856,5806174.8945,40.7111,-4.37,-0.09,-0.81,-0.03,1.0,0.03,1
1759749180.383,131300.383,619486.9968,5806174.9022,40.7145,-4.34,-0.37,-0.79,-0.09,1.0,0.03,1
1759749180.587,131300.587,619486.5721,5806174.9022,40.7358,-4.37,0.0,-0.76,-0.01,1.0,0.04,1
1759749180.789,131300.789,619486.5622,5806174.9193,40.7391,-4.35,-0.07,-0.76,-0.03,1.0,0.06,1
1759749180.992,131300.992,619486.5414,5806175.0246,40.7247,-4.26,-0.1,-0.78,-0.03,1.0,0.05,1
1759749181.196,131301.196,619486.2336,5806174.9838,40.7305,-4.32,0.07,-0.77,0.0,1.0,0.06,1
1759749181.4,131301.400,619486.6129,5806174.8915,40.6325,-4.41,-0.34,-0.87,-0.09,1.0,0.04,1
1759749181.603,131301.603,619486.423,5806174.8879,40.549,-4.46,-0.21,-0.94,-0.05,1.0,0.03,1
1759749181.806,131301.806,619486.4153,5806174.8837,40.5182,-4.45,-0.29,-0.99,-0.07,1.0,0.03,1
1759749182.01,131302.010,619485.7366,5806175.0959,40.5807,-4.25,0.43,-0.94,0.1,0.99,-0.02,1
1759749182.214,131302.214,619486.2061,5806175.0333,40.6206,-4.29,-0.04,-0.9,-0.01,1.0,0.02,1
1759749182.419,131302.419,619486.3247,5806174.9088,40.5644,-4.4,-0.33,-0.95,-0.08,1.0,0.02,1
1759749182.624,131302.624,619485.9013,5806175.0547,40.5743,-4.31,0.01,-0.93,-0.0,1.0,0.03,1
1759749182.828,131302.828,619485.968,5806174.9857,40.5221,-4.38,-0.17,-0.99,-0.04,1.0,0.02,1
1759749183.046,131303.046,619485.7753,5806175.0521,40.5751,-4.32,-0.01,-0.94,-0.01,1.0,0.03,1
1759749183.247,131303.247,619485.7199,5806174.9877,40.5092,-4.39,-0.04,-1.0,-0.02,1.0,0.03,1
1759749183.449,131303.449,619485.8021,5806175.0465,40.3302,-4.4,-0.26,-1.14,-0.07,1.0,0.03,1
1759749183.651,131303.651,619485.5831,5806175.0779,40.2431,-4.43,-0.16,-1.22,-0.05,1.0,0.05,1
1759749183.854,131303.854,619485.6922,5806175.2065,40.2574,-4.25,-0.48,-1.24,-0.12,0.99,0.04,1
1759749184.073,131304.073,619485.3876,5806175.0799,40.3642,-4.35,-0.25,-1.13,-0.07,1.0,0.03,1
1759749184.275,131304.275,619485.3152,5806174.9927,40.422,-4.39,-0.18,-1.08,-0.05,1.0,0.03,1
1759749184.477,131304.477,619485.399,5806175.1606,40.4172,-4.25,-0.37,-1.07,-0.09,0.99,0.03,1
1759749184.68,131304.680,619485.1163,5806175.0224,40.4401,-4.4,-0.09,-1.08,-0.03,1.0,0.03,1
1759749184.88,131304.880,619485.1116,5806175.1265,40.589,-4.27,-0.22,-0.94,-0.05,1.0,0.01,1
1759749185.099,131305.099,619484.8123,5806175.0534,40.5345,-4.36,-0.04,-0.98,-0.01,1.0,0.03,1
1759749185.304,131305.304,619484.8059,5806175.0346,40.5119,-4.39,-0.03,-1.01,-0.01,1.0,0.02,1
1759749185.507,131305.507,619484.5544,5806175.0544,40.4786,-4.35,0.03,-1.03,0.0,1.0,0.03,1
1759749185.709,131305.709,619484.5463,5806175.0229,40.5512,-4.38,0.02,-0.96,-0.0,1.0,0.03,1
1759749185.91,131305.910,619484.6327,5806175.0653,40.5368,-4.33,-0.08,-0.95,-0.01,1.0,-0.03,1
1759749186.112,131306.112,619484.4266,5806174.9983,40.5747,-4.38,-0.11,-0.95,-0.03,1.0,0.03,1
1759749186.314,131306.314,619484.259,5806175.0062,40.6213,-4.34,-0.08,-0.91,-0.03,1.0,0.04,1
1759749186.532,131306.532,619484.0104,5806174.9369,40.6597,-4.42,0.18,-0.86,0.03,1.0,0.04,1
1759749186.733,131306.733,619484.2732,5806174.8988,40.667,-4.46,-0.11,-0.84,-0.03,1.0,0.04,1
1759749186.935,131306.935,619484.0453,5806175.0045,40.7007,-4.34,0.05,-0.82,0.0,1.0,0.05,1
1759749187.136,131307.136,619483.9528,5806174.9216,40.766,-4.37,0.04,-0.76,-0.0,1.0,0.06,1
1759749187.354,131307.354,619483.8088,5806175.0512,40.8045,-4.16,0.45,-0.72,0.09,0.99,0.08,1
1759749187.556,131307.556,619485.4042,5806175.1331,40.7963,-4.26,-0.75,-0.69,-0.16,0.98,-0.07,1
1759749187.759,131307.759,619484.1315,5806174.9535,40.7616,-4.3,0.53,-0.73,0.11,0.99,0.05,1
1759749187.96,131307.960,619484.0267,5806174.9006,40.7862,-4.34,0.53,-0.72,0.11,0.99,0.05,1
1759749187.96,131307.960,619484.4261,5806174.9308,40.7292,-4.35,0.17,-0.78,0.03,1.0,0.03,1
1759749188.163,131308.163,619483.9819,5806174.9038,40.8181,-4.29,0.49,-0.69,0.11,0.99,0.04,1
1759749188.365,131308.365,619484.6334,5806174.9526,40.7946,-4.33,-0.28,-0.72,-0.06,1.0,-0.03,1
1759749188.583,131308.583,619484.1181,5806174.9667,40.7231,-4.26,0.14,-0.79,0.04,1.0,-0.03,1
1759749188.782,131308.782,619483.9307,5806174.9036,40.676,-4.3,0.18,-0.84,0.05,1.0,-0.03,1
1759749188.985,131308.985,619483.5313,5806174.967,40.6331,-4.21,0.55,-0.89,0.13,0.99,-0.01,1
1759749189.185,131309.185,619483.468,5806174.965,40.6025,-4.21,0.41,-0.92,0.1,1.0,-0.0,1
1759749189.402,131309.402,619483.5277,5806174.915,40.61,-4.24,0.2,-0.93,0.05,1.0,-0.03,1
1759749189.606,131309.606,619483.4499,5806174.8317,40.5781,-4.29,0.2,-0.96,0.05,1.0,-0.03,1
1759749189.808,131309.808,619483.0726,5806174.9466,40.6017,-4.16,0.39,-0.92,0.09,1.0,-0.0,1
1759749190.01,131310.010,619483.0667,5806174.9881,40.5171,-4.15,0.26,-0.99,0.07,1.0,-0.02,1
1759749190.213,131310.213,619483.0174,5806174.8644,40.5898,-4.21,0.1,-0.98,0.03,1.0,-0.02,1
1759749190.415,131310.415,619482.7014,5806174.8929,40.6536,-4.1,0.31,-0.92,0.08,1.0,-0.01,1
1759749190.618,131310.618,619482.6246,5806174.9161,40.517,-4.13,0.3,-0.99,0.08,1.0,-0.01,1
1759749190.839,131310.839,619482.5482,5806174.8976,40.4619,-4.18,0.09,-1.06,0.03,1.0,-0.02,1
1759749191.04,131311.040,619482.2485,5806174.942,40.5408,-4.06,0.33,-1.01,0.08,1.0,-0.01,1
1759749191.242,131311.242,619482.1282,5806174.8061,40.5187,-4.14,0.45,-1.03,0.11,0.99,-0.01,1
1759749191.444,131311.444,619481.939,5806174.9901,40.5299,-3.96,0.44,-1.01,0.11,0.99,-0.01,1
1759749191.645,131311.645,619481.9546,5806174.9047,40.5279,-4.04,0.29,-1.0,0.07,1.0,-0.01,1
1759749191.863,131311.863,619481.5903,5806174.9259,40.5403,-3.96,0.49,-1.0,0.12,0.99,-0.0,1
1759749192.067,131312.067,619481.8579,5806174.9135,40.5508,-3.99,0.19,-0.99,0.05,1.0,-0.02,1
1759749192.269,131312.269,619481.6946,5806174.872,40.5345,-4.02,0.25,-1.01,0.07,1.0,-0.02,1
1759749192.472,131312.472,619481.5051,5806174.8396,40.5345,-4.04,0.32,-1.0,0.08,1.0,-0.01,1
1759749192.674,131312.674,619481.439,5806174.997,40.5498,-3.86,0.36,-0.99,0.09,1.0,-0.0,1
1759749192.875,131312.875,619481.4654,5806174.8753,40.4772,-4.0,0.27,-1.05,0.07,1.0,-0.01,1
1759749193.079,131313.079,619481.6069,5806174.9548,40.5492,-3.93,0.12,-0.98,0.03,1.0,-0.02,1
1759749193.296,131313.296,619481.3625,5806175.0169,40.568,-3.85,0.21,-0.96,0.04,1.0,0.04,1
1759749193.5,131313.500,619481.4831,5806175.039,40.5122,-3.91,-0.14,-1.01,-0.04,1.0,0.03,1
1759749193.705,131313.705,619480.9181,5806175.0277,40.4865,-3.88,-0.26,-1.04,-0.07,1.0,0.02,1
1759749193.906,131313.906,619480.7224,5806174.9317,40.4801,-3.96,-0.07,-1.05,-0.02,1.0,0.03,1
1759749194.108,131314.108,619480.5437,5806174.9796,40.4927,-3.95,0.09,-1.02,0.01,1.0,0.04,1
1759749194.31,131314.310,619480.5731,5806175.0352,40.4834,-3.9,-0.17,-1.04,-0.05,1.0,0.02,1
1759749194.529,131314.529,619480.3831,5806175.0143,40.4717,-3.9,-0.08,-1.07,-0.03,1.0,0.03,1
1759749194.733,131314.733,619480.3041,5806175.0193,40.4586,-3.89,-0.14,-1.06,-0.04,1.0,0.02,1
1759749194.937,131314.937,619480.0468,5806175.0726,40.4332,-3.87,0.08,-1.04,0.01,1.0,0.04,1
1759749195.14,131315.140,619479.9442,5806174.9727,40.4012,-3.97,0.02,-1.1,-0.01,1.0,0.04,1
1759749195.343,131315.343,619479.6726,5806175.0752,40.402,-3.87,0.09,-1.1,0.01,1.0,0.05,1
1759749195.546,131315.546,619479.8262,5806175.0165,40.3682,-3.91,-0.21,-1.13,-0.06,1.0,0.02,1
1759749195.749,131315.749,619479.4463,5806175.1031,40.3837,-3.87,0.02,-1.1,-0.0,1.0,0.03,1
1759749195.951,131315.951,619479.6359,5806175.1063,40.3236,-3.86,-0.32,-1.16,-0.09,1.0,0.02,1
1759749196.169,131316.169,619479.3318,5806175.1488,40.3298,-3.8,-0.14,-1.18,-0.05,1.0,0.03,1
1759749196.169,131316.169,619479.3784,5806175.0353,40.3502,-3.91,-0.23,-1.16,-0.07,1.0,0.03,1
1759749196.372,131316.372,619479.3209,5806175.1079,40.3556,-3.82,-0.26,-1.12,-0.08,1.0,0.03,1
1759749196.575,131316.575,619479.0101,5806175.0681,40.3307,-3.9,-0.13,-1.14,-0.04,1.0,0.04,1
1759749196.776,131316.776,619478.7277,5806175.1087,40.3002,-3.89,-0.02,-1.16,-0.02,1.0,0.05,1
1759749196.979,131316.979,619478.7289,5806175.1265,40.2869,-3.86,-0.09,-1.18,-0.04,1.0,0.04,1
1759749197.181,131317.181,619478.5393,5806175.152,40.3185,-3.83,-0.1,-1.15,-0.04,1.0,0.04,1
1759749197.384,131317.384,619478.4659,5806175.1431,40.3036,-3.84,-0.12,-1.15,-0.04,1.0,0.04,1
1759749197.601,131317.601,619478.343,5806175.0676,40.2554,-3.92,-0.13,-1.19,-0.04,1.0,0.03,1
1759749197.804,131317.804,619478.2599,5806175.091,40.2644,-3.9,-0.16,-1.19,-0.05,1.0,0.03,1
1759749198.006,131318.006,619477.9218,5806175.1085,40.3249,-3.86,0.03,-1.14,-0.01,1.0,0.04,1
1759749198.209,131318.209,619477.8779,5806175.0403,40.3006,-3.93,-0.05,-1.15,-0.02,1.0,0.04,1
1759749198.413,131318.413,619477.4752,5806175.1157,40.2759,-3.9,0.2,-1.14,0.03,1.0,0.06,1
1759749198.614,131318.614,619477.5937,5806175.151,40.2828,-3.86,-0.09,-1.15,-0.04,1.0,0.04,1
1759749198.831,131318.831,619477.4548,5806175.1721,40.3811,-3.82,-0.17,-1.08,-0.05,1.0,0.03,1
1759749199.034,131319.034,619477.137,5806175.1073,40.3874,-3.89,-0.05,-1.07,-0.03,1.0,0.05,1
1759749199.236,131319.236,619477.1047,5806175.204,40.3722,-3.82,-0.12,-1.07,-0.04,1.0,0.05,1
1759749199.44,131319.440,619477.0944,5806175.1974,40.35,-3.84,-0.2,-1.08,-0.06,1.0,0.03,1
1759749199.641,131319.641,619476.7912,5806175.1649,40.3919,-3.87,-0.09,-1.07,-0.03,1.0,0.04,1
1759749199.859,131319.859,619476.6672,5806175.1873,40.3765,-3.85,-0.08,-1.05,-0.03,1.0,0.04,1
1759749200.061,131320.061,619476.7063,5806175.2028,40.3444,-3.83,-0.19,-1.09,-0.06,1.0,0.04,1
1759749200.263,131320.263,619476.5894,5806175.185,40.3533,-3.85,-0.24,-1.08,-0.07,1.0,0.04,1
1759749200.467,131320.467,619476.3394,5806175.2261,40.3274,-3.84,-0.17,-1.08,-0.06,1.0,0.05,1
1759749200.668,131320.668,619476.3256,5806175.187,40.2915,-3.89,-0.28,-1.11,-0.09,0.99,0.05,1
1759749200.869,131320.869,619476.024,5806175.2556,40.3422,-3.84,-0.15,-1.07,-0.06,1.0,0.06,1
1759749201.088,131321.088,619476.0299,5806175.2296,40.3798,-3.85,-0.25,-1.04,-0.07,1.0,0.03,1
1759749201.29,131321.290,619475.8312,5806175.236,40.4113,-3.84,-0.12,-1.01,-0.04,1.0,0.03,1
1759749201.492,131321.492,619475.5926,5806175.2149,40.4175,-3.89,0.07,-0.99,0.01,1.0,0.05,1
1759749201.695,131321.695,619475.7096,5806175.2563,40.5329,-3.81,-0.08,-0.9,-0.03,1.0,0.03,1
1759749201.898,131321.898,619475.5357,5806175.1675,40.5922,-3.88,-0.15,-0.83,-0.05,1.0,0.04,1
1759749202.1,131322.100,619475.172,5806175.1164,40.728,-3.89,-0.11,-0.69,-0.04,1.0,0.08,1
1759749202.318,131322.318,619475.0337,5806175.2149,40.7759,-3.83,-0.01,-0.62,-0.02,1.0,0.08,1
1759749202.519,131322.519,619475.0946,5806175.2112,40.7197,-3.87,-0.0,-0.7,-0.01,1.0,0.06,1
1759749202.72,131322.720,619475.0616,5806175.262,40.6961,-3.82,-0.14,-0.72,-0.04,1.0,0.04,1
1759749202.922,131322.922,619474.8388,5806175.1921,40.6496,-3.87,0.02,-0.79,-0.0,1.0,0.05,1
1759749203.139,131323.139,619474.6532,5806175.2158,40.7018,-3.84,0.14,-0.73,0.03,1.0,0.05,1
1759749203.343,131323.343,619474.6442,5806175.2093,40.6316,-3.91,-0.02,-0.74,-0.01,1.0,0.03,1
1759749203.544,131323.544,619474.6448,5806175.3242,40.5938,-3.83,-0.11,-0.81,-0.04,1.0,0.04,1
1759749203.744,131323.744,619474.5589,5806175.2645,40.5467,-3.86,-0.17,-0.89,-0.05,1.0,0.04,1
1759749203.946,131323.946,619474.65,5806175.2242,40.5657,-3.81,-0.4,-0.87,-0.11,0.99,0.03,1
1759749204.15,131324.150,619474.5789,5806175.241,40.643,-3.81,-0.27,-0.78,-0.08,1.0,0.03,1
1759749204.368,131324.368,619474.3084,5806175.3808,40.6565,-3.77,0.01,-0.74,-0.0,1.0,0.03,1
1759749204.368,131324.368,619474.4796,5806175.2459,40.6094,-3.88,-0.24,-0.79,-0.07,1.0,0.03,1
1759749204.569,131324.569,619474.3443,5806175.2995,40.6239,-3.83,-0.24,-0.79,-0.07,1.0,0.02,1
1759749204.772,131324.772,619474.1815,5806175.2997,40.6606,-3.82,-0.06,-0.77,-0.02,1.0,0.03,1
1759749204.976,131324.976,619474.1104,5806175.2645,40.5209,-3.92,-0.01,-0.88,-0.01,1.0,0.02,1
1759749205.176,131325.176,619474.1319,5806175.3933,40.4531,-3.84,-0.13,-0.93,-0.04,1.0,0.02,1
1759749205.394,131325.394,619473.8968,5806175.3815,40.4964,-3.82,-0.03,-0.93,-0.01,1.0,0.03,1
1759749205.596,131325.596,619473.7718,5806175.3458,40.5712,-3.82,0.03,-0.88,-0.0,1.0,0.03,1
1759749205.798,131325.798,619473.891,5806175.3517,40.5269,-3.81,-0.16,-0.89,-0.04,1.0,0.01,1
1759749206.0,131326.000,619473.7056,5806175.4264,40.5289,-3.8,-0.09,-0.88,-0.03,1.0,0.02,1
1759749206.202,131326.202,619473.5435,5806175.4147,40.5225,-3.81,-0.07,-0.9,-0.02,1.0,0.02,1
1759749206.404,131326.404,619473.3249,5806175.4034,40.5438,-3.83,0.08,-0.89,0.01,1.0,0.03,1
1759749206.622,131326.622,619473.3412,5806175.4542,40.507,-3.8,-0.07,-0.9,-0.03,1.0,0.04,1
1759749206.825,131326.825,619473.1189,5806175.4589,40.5341,-3.81,0.0,-0.9,-0.01,1.0,0.03,1
1759749207.03,131327.030,619472.9611,5806175.5205,40.5466,-3.75,0.05,-0.87,0.0,1.0,0.04,1
1759749207.23,131327.230,619473.1044,5806175.5487,40.5586,-3.71,-0.12,-0.86,-0.04,1.0,0.02,1
1759749207.432,131327.432,619472.8943,5806175.5439,40.4789,-3.76,-0.12,-0.92,-0.04,1.0,0.03,1
1759749207.637,131327.637,619472.7588,5806175.4915,40.4472,-3.84,-0.05,-0.96,-0.02,1.0,0.03,1
1759749207.839,131327.839,619472.5591,5806175.6116,40.4749,-3.74,0.08,-0.95,0.01,1.0,0.04,1
1759749208.057,131328.057,619472.5904,5806175.5463,40.4297,-3.78,0.0,-1.0,-0.01,1.0,0.03,1
1759749208.26,131328.260,619472.336,5806175.6392,40.4602,-3.72,0.18,-0.96,0.04,1.0,0.03,1
1759749208.465,131328.465,619472.5309,5806175.5972,40.4598,-3.75,0.04,-0.96,0.0,1.0,0.04,1
1759749208.67,131328.670,619472.5646,5806175.6425,40.474,-3.71,-0.07,-0.95,-0.02,1.0,0.02,1
1759749208.876,131328.876,619472.448,5806175.5681,40.4162,-3.8,-0.05,-0.99,-0.03,1.0,0.05,1
1759749209.081,131329.081,619472.6979,5806175.6402,40.3719,-3.74,-0.36,-1.03,-0.11,0.99,0.05,1
1759749209.284,131329.284,619472.8531,5806175.6873,40.3216,-3.68,-0.7,-1.08,-0.2,0.98,0.04,1
1759749209.489,131329.489,619472.6302,5806175.5953,40.3259,-3.71,-0.89,-1.1,-0.23,0.97,0.01,1
1759749209.695,131329.695,619472.28,5806175.6961,40.3805,-3.68,-0.63,-1.03,-0.18,0.98,0.03,1
1759749209.901,131329.901,619472.2165,5806175.6529,40.3863,-3.77,-0.63,-1.01,-0.17,0.99,0.02,1
1759749210.107,131330.107,619472.2798,5806175.7221,40.3959,-3.68,-0.83,-1.0,-0.22,0.97,0.01,1
1759749210.312,131330.312,619472.0859,5806175.6957,40.3742,-3.74,-0.68,-1.06,-0.19,0.98,0.03,1
1759749210.515,131330.515,619471.5715,5806175.6853,40.3917,-3.88,-0.38,-1.01,-0.11,0.99,0.04,1
1759749210.719,131330.719,619471.8148,5806175.8187,40.4359,-3.7,-0.65,-0.95,-0.18,0.98,0.02,1
1759749210.926,131330.926,619471.7247,5806175.805,40.3428,-3.78,-0.57,-1.06,-0.16,0.99,0.02,1
1759749211.132,131331.132,619471.6299,5806175.7551,40.3303,-3.81,-0.7,-1.1,-0.19,0.98,0.02,1
1759749211.337,131331.337,619471.4016,5806175.7566,40.3966,-3.79,-0.7,-1.04,-0.19,0.98,0.02,1
1759749211.542,131331.542,619471.1358,5806175.7466,40.41,-3.89,-0.52,-1.0,-0.14,0.99,0.05,1
1759749211.747,131331.747,619471.3944,5806175.9297,40.4128,-3.73,-0.7,-1.0,-0.19,0.98,0.01,1
1759749211.953,131331.953,619471.0174,5806175.8623,40.275,-3.89,-0.6,-1.16,-0.16,0.99,0.03,1
1759749212.159,131332.159,619470.9881,5806175.8873,40.3071,-3.82,-0.8,-1.13,-0.21,0.98,0.01,1
1759749212.35,131332.350,619471.0108,5806175.8778,40.3379,-3.8,-0.82,-1.1,-0.21,0.98,0.0,1
1759749212.556,131332.556,619470.7299,5806175.9238,40.4118,-3.84,-0.63,-1.02,-0.17,0.99,0.02,1
1759749212.556,131332.556,619470.9262,5806175.8967,40.4104,-3.82,-0.82,-1.02,-0.21,0.98,-0.0,1
1759749212.762,131332.762,619470.5722,5806175.8838,40.2948,-3.97,-0.62,-1.11,-0.16,0.99,0.02,1
1759749212.968,131332.968,619470.4992,5806176.0682,40.2966,-3.83,-0.68,-1.12,-0.18,0.98,0.02,1
1759749213.175,131333.175,619470.269,5806176.0478,40.3157,-3.86,-0.65,-1.13,-0.17,0.98,0.03,1
1759749213.381,131333.381,619470.1611,5806176.0249,40.3266,-3.91,-0.56,-1.1,-0.15,0.99,0.04,1
1759749213.588,131333.588,619470.0539,5806175.9978,40.2616,-3.98,-0.7,-1.15,-0.19,0.98,0.05,1
1759749213.794,131333.794,619469.8728,5806176.1411,40.2624,-3.91,-0.68,-1.16,-0.18,0.98,0.04,1
1759749213.999,131333.999,619469.6518,5806176.1562,40.2992,-3.94,-0.57,-1.11,-0.16,0.99,0.06,1
1759749214.204,131334.204,619469.5487,5806176.1793,40.4089,-3.88,-0.61,-1.02,-0.17,0.98,0.07,1
1759749214.407,131334.407,619469.4943,5806176.1488,40.363,-3.95,-0.62,-1.05,-0.16,0.99,0.04,1
1759749214.611,131334.611,619469.4582,5806176.1823,40.3665,-3.92,-0.68,-1.04,-0.18,0.98,0.03,1
1759749214.81,131334.810,619469.3231,5806176.1065,40.3548,-4.02,-0.73,-1.07,-0.19,0.98,0.03,1
1759749215.028,131335.028,619468.8443,5806176.2582,40.4496,-3.99,-0.31,-0.96,-0.09,1.0,0.04,1
1759749215.23,131335.230,619468.9163,5806176.1328,40.4238,-4.09,-0.53,-0.99,-0.14,0.99,0.03,1
1759749215.433,131335.433,619468.8141,5806176.4045,40.4661,-3.85,-0.53,-0.94,-0.15,0.99,0.04,1
1759749215.635,131335.635,619468.4856,5806176.2756,40.469,-4.04,-0.29,-0.95,-0.08,1.0,0.03,1
1759749215.838,131335.838,619468.7753,5806176.2513,40.4601,-4.0,-0.75,-0.95,-0.19,0.98,0.02,1
1759749216.041,131336.041,619468.3827,5806176.3166,40.4571,-4.02,-0.5,-0.94,-0.13,0.99,0.03,1
1759749216.258,131336.258,619468.0495,5806176.3342,40.5149,-4.07,-0.27,-0.91,-0.07,1.0,0.03,1
1759749216.461,131336.461,619468.1204,5806176.2981,40.5168,-4.08,-0.48,-0.89,-0.12,0.99,0.03,1
1759749216.664,131336.664,619468.1234,5806176.2769,40.5154,-4.09,-0.66,-0.89,-0.16,0.99,0.02,1
1759749216.866,131336.866,619467.824,5806176.4797,40.5485,-3.96,-0.44,-0.86,-0.12,0.99,0.03,1
1759749217.068,131337.068,619467.5673,5806176.3593,40.4745,-4.16,-0.39,-0.93,-0.1,0.99,0.03,1
1759749217.27,131337.270,619467.4422,5806176.4143,40.4962,-4.11,-0.49,-0.91,-0.13,0.99,0.04,1
1759749217.488,131337.488,619467.2504,5806176.4343,40.5017,-4.13,-0.41,-0.9,-0.11,0.99,0.04,1
1759749217.691,131337.691,619467.4371,5806176.392,40.4812,-4.13,-0.65,-0.91,-0.16,0.99,0.02,1
1759749217.892,131337.892,619467.1785,5806176.4148,40.471,-4.17,-0.56,-0.93,-0.14,0.99,0.03,1
1759749218.092,131338.092,619467.0373,5806176.5184,40.4401,-4.13,-0.54,-0.95,-0.14,0.99,0.03,1
1759749218.295,131338.295,619466.8227,5806176.536,40.4782,-4.13,-0.39,-0.93,-0.1,0.99,0.04,1
1759749218.498,131338.498,619466.5092,5806176.5797,40.5335,-4.14,-0.28,-0.87,-0.07,1.0,0.03,1
1759749218.715,131338.715,619466.5151,5806176.6229,40.4574,-4.15,-0.49,-0.94,-0.12,0.99,0.03,1
1759749218.917,131338.917,619466.1753,5806176.7851,40.4773,-4.05,-0.34,-0.93,-0.09,1.0,0.04,1
1759749219.119,131339.119,619466.149,5806176.6604,40.399,-4.14,-0.44,-1.0,-0.11,0.99,0.02,1
1759749219.321,131339.321,619466.0371,5806176.6436,40.4399,-4.17,-0.48,-0.93,-0.12,0.99,0.04,1
1759749219.524,131339.524,619465.8062,5806176.7986,40.5033,-4.1,-0.32,-0.87,-0.09,0.99,0.05,1
1759749219.742,131339.742,619465.6829,5806176.7885,40.4061,-4.17,-0.25,-0.97,-0.07,1.0,0.05,1
1759749219.944,131339.944,619465.6304,5806176.5961,40.3846,-4.3,-0.47,-1.04,-0.12,0.99,0.03,1
1759749220.147,131340.147,619465.5068,5806176.7393,40.4754,-4.14,-0.4,-0.93,-0.1,0.99,0.04,1
1759749220.35,131340.350,619465.3475,5806176.821,40.5041,-4.15,-0.2,-0.85,-0.06,1.0,0.04,1
1759749220.556,131340.556,619465.5182,5806176.7562,40.452,-4.22,-0.41,-0.91,-0.1,0.99,0.04,1
1759749220.761,131340.761,619465.4205,5806176.7388,40.4442,-4.2,-0.45,-0.98,-0.11,0.99,0.02,1
1759749220.761,131340.761,619465.27,5806176.5783,40.4041,-4.39,-0.37,-1.02,-0.09,1.0,0.03,1
1759749220.963,131340.963,619465.3152,5806176.7662,40.5186,-4.17,-0.33,-0.9,-0.09,1.0,0.03,1
1759749221.166,131341.166,619465.5375,5806176.7323,40.4361,-4.2,-0.51,-0.93,-0.12,0.99,0.02,1
1759749221.385,131341.385,619465.1587,5806176.6365,40.3918,-4.38,-0.22,-0.99,-0.06,1.0,0.04,1
1759749221.584,131341.584,619465.3983,5806176.6556,40.4337,-4.28,-0.37,-0.97,-0.09,1.0,0.03,1
1759749221.786,131341.786,619465.4139,5806176.7864,40.484,-4.14,-0.36,-0.92,-0.09,0.99,0.03,1
1759749221.99,131341.990,619465.8154,5806176.7417,40.4586,-4.1,-0.76,-0.94,-0.18,0.98,0.01,1
1759749222.191,131342.191,619465.6552,5806176.5365,40.4185,-4.34,-0.65,-0.98,-0.15,0.99,0.02,1
1759749222.395,131342.395,619465.5588,5806176.719,40.4655,-4.18,-0.52,-0.93,-0.13,0.99,0.03,1
1759749222.611,131342.611,619465.5024,5806176.7858,40.4535,-4.13,-0.45,-0.95,-0.11,0.99,0.02,1
1759749222.814,131342.814,619465.5086,5806176.6934,40.4335,-4.21,-0.47,-0.97,-0.12,0.99,0.02,1
1759749223.017,131343.017,619465.4446,5806176.6605,40.4786,-4.26,-0.42,-0.92,-0.1,0.99,0.03,1
1759749223.221,131343.221,619465.4703,5806176.7127,40.4359,-4.2,-0.43,-0.96,-0.11,0.99,0.03,1
1759749223.423,131343.423,619465.0909,5806176.6385,40.4445,-4.36,-0.08,-0.96,-0.03,1.0,0.04,1
1759749223.625,131343.625,619465.387,5806176.7185,40.4463,-4.22,-0.35,-0.95,-0.09,1.0,0.04,1
1759749223.829,131343.829,619465.4467,5806176.6385,40.4411,-4.28,-0.42,-0.96,-0.1,0.99,0.03,1
1759749224.047,131344.047,619465.236,5806176.7174,40.4703,-4.25,-0.2,-0.93,-0.06,1.0,0.04,1
1759749224.251,131344.251,619465.5122,5806176.7221,40.4601,-4.19,-0.47,-0.94,-0.12,0.99,0.03,1
1759749224.451,131344.451,619465.521,5806176.7068,40.462,-4.2,-0.48,-0.94,-0.12,0.99,0.03,1
1759749224.653,131344.653,619465.3101,5806176.8079,40.4684,-4.15,-0.25,-0.93,-0.07,1.0,0.05,1
1759749224.859,131344.859,619465.3716,5806176.7653,40.4738,-4.17,-0.32,-0.93,-0.08,1.0,0.03,1
